Workbook

Sheet Students
A1: Student ID | B1: Name | C1: Last name | D1: Birth date | E1: Email | F1: Group
A2: 1 | B2: Andrzej | C2: Zieliński | D2: 39583 | E2: a.zieliński@gmail.com
A3: 2 | B3: Adam | C3: Nowak | D3: 39107 | E3: a.nowak@gmail.com
A4: 3 | B4: Anna | C4: Kowalska | D4: 39324 | E4: a.kowalska@gmail.com
A5: 4 | B5: Zuzanna | C5: Lew | D5: 39784 | E5: z.lew@gmail.com
A6: 5 | B6: Ewelina | C6: Skrzypecka | D6: 38793 | E6: e.skrzypecka@gmail.com
A7: 6 | B7: Katarzyna | C7: Kajka | D7: 38698 | E7: k.kajka@gmail.com
A8: 7 | B8: Dariusz | C8: Rozelski | D8: 39324 | E8: d.rozelski@gmail.com
A9: 8 | B9: Magdalena | C9: Pawłowska | D9: 39023 | E9: m.pawłowska@gmail.com
A10: 9 | B10: Jakub | C10: Skorupka | D10: 39558 | E10: j.skorupka@gmail.com
A11: 10 | B11: Stanisław | C11: Lewandowski | D11: 39503 | E11: s.lewandowski@gmail.com

Sheet Attendance
A1: Student ID | B1: Date | C1: Present
A2: 1 | B2: 46113 | C2: 0
A3: 1 | B3: 46119 | C3: 1
A4: 1 | B4: 46126 | C4: 1
A5: 1 | B5: 46133 | C5: 1
A6: 1 | B6: 46140 | C6: 0
A7: 2 | B7: 46113 | C7: 1
A8: 2 | B8: 46119 | C8: 0
A9: 2 | B9: 46126 | C9: 0
A10: 2 | B10: 46133 | C10: 0
A11: 2 | B11: 46140 | C11: 1
A12: 3 | B12: 46113 | C12: 1
A13: 3 | B13: 46119 | C13: 0
... A51: 10 | B51: 46140 | C51: 1

Sheet Payments
A1: Student ID | B1: Amount | C1: Status
A2: 1 | B2: 500 | C2: paid
A3: 2 | B3: 500 | C3: unpaid
A4: 3 | B4: 500 | C4: paid
A5: 4 | B5: 500 | C5: paid
A6: 5 | B6: 1000 | C6: paid
A7: 6 | B7: 500 | C7: paid
A8: 7 | B8: 500 | C8: unpaid
A9: 8 | B9: 1000 | C9: unpaid
A10: 9 | B10: 1000 | C10: paid
A11: 10 | B11: 1500 | C11: paid

Sheet Summary
A1: Student ID | B1: Full name | C1: Attendance | D1: Payment status
A2: 9 | B2: =VLOOKUP(A2, Students!A:C, 2, FALSE) & " " & VLOOKUP(A2, Students!A:C, 3, FALSE) -> Jakub Skorupka | C2: =AVERAGEIF(Attendance!A:A, A2, Attendance!C:C) -> 0 | D2: =VLOOKUP(A2, Payments!A:C, 3, FALSE) -> paid
A3: 5 | B3: =VLOOKUP(A3, Students!A:C, 2, FALSE) & " " & VLOOKUP(A3, Students!A:C, 3, FALSE) -> Ewelina Skrzypecka | C3: =AVERAGEIF(Attendance!A:A, A3, Attendance!C:C) -> 0.2 | D3: =VLOOKUP(A3, Payments!A:C, 3, FALSE) -> paid
A4: 2 | B4: =VLOOKUP(A4, Students!A:C, 2, FALSE) & " " & VLOOKUP(A4, Students!A:C, 3, FALSE) -> Adam Nowak | C4: =AVERAGEIF(Attendance!A:A, A4, Attendance!C:C) -> 0.4 | D4: =VLOOKUP(A4, Payments!A:C, 3, FALSE) -> unpaid
A5: 4 | B5: =VLOOKUP(A5, Students!A:C, 2, FALSE) & " " & VLOOKUP(A5, Students!A:C, 3, FALSE) -> Zuzanna Lew | C5: =AVERAGEIF(Attendance!A:A, A5, Attendance!C:C) -> 0.4 | D5: =VLOOKUP(A5, Payments!A:C, 3, FALSE) -> paid | F5: Lowest attendance: Jakub Skorupka (0%)
A6: 1 | B6: =VLOOKUP(A6, Students!A:C, 2, FALSE) & " " & VLOOKUP(A6, Students!A:C, 3, FALSE) -> Andrzej Zieliński | C6: =AVERAGEIF(Attendance!A:A, A6, Attendance!C:C) -> 0.6 | D6: =VLOOKUP(A6, Payments!A:C, 3, FALSE) -> paid | F6: Unpaid students: 3
A7: 7 | B7: =VLOOKUP(A7, Students!A:C, 2, FALSE) & " " & VLOOKUP(A7, Students!A:C, 3, FALSE) -> Dariusz Rozelski | C7: =AVERAGEIF(Attendance!A:A, A7, Attendance!C:C) -> 0.6 | D7: =VLOOKUP(A7, Payments!A:C, 3, FALSE) -> unpaid | F7: Lowest attendance among unpaid: Adam Nowak (40%)
A8: 3 | B8: =VLOOKUP(A8, Students!A:C, 2, FALSE) & " " & VLOOKUP(A8, Students!A:C, 3, FALSE) -> Anna Kowalska | C8: =AVERAGEIF(Attendance!A:A, A8, Attendance!C:C) -> 0.8 | D8: =VLOOKUP(A8, Payments!A:C, 3, FALSE) -> paid
A9: 8 | B9: =VLOOKUP(A9, Students!A:C, 2, FALSE) & " " & VLOOKUP(A9, Students!A:C, 3, FALSE) -> Magdalena Pawłowska | C9: =AVERAGEIF(Attendance!A:A, A9, Attendance!C:C) -> 0.8 | D9: =VLOOKUP(A9, Payments!A:C, 3, FALSE) -> unpaid
A10: 6 | B10: =VLOOKUP(A10, Students!A:C, 2, FALSE) & " " & VLOOKUP(A10, Students!A:C, 3, FALSE) -> Katarzyna Kajka | C10: =AVERAGEIF(Attendance!A:A, A10, Attendance!C:C) -> 1 | D10: =VLOOKUP(A10, Payments!A:C, 3, FALSE) -> paid
A11: 10 | B11: =VLOOKUP(A11, Students!A:C, 2, FALSE) & " " & VLOOKUP(A11, Students!A:C, 3, FALSE) -> Stanisław Lewandowski | C11: =AVERAGEIF(Attendance!A:A, A11, Attendance!C:C) -> 1 | D11: =VLOOKUP(A11, Payments!A:C, 3, FALSE) -> paid
G14: Payment status | H14: Number of students
G15: paid | H15: 7
G16: unpaid | H16: 3
G17: Grand Total | H17: 10
